Brand Name,Brand Code,"Deletion
Indicator"
 OTN,OTN,
?UKUROVA,CUK,
ABCDE,,X
ABG,ABG,
ACE,ACE,
AGCO,AGC,
AGRALE,AGL,
AGRIA HISPANIA,AGR,
AGROTK,AGT,
AHLMANN,AHL,
AIMIX,AMX,
AIRMAN,AIR,
ALPIN MAKINE,OTN,
AMD,AMD,
AMEC,AME,
AMKODOR,AMD,
AMMAN,AMN,
AMMANN,AMN,
AMMANN APOLLO,APL,
AMN,AMN,
AMUR,OTN,
ANH,ANH,
ANHUI,ANH,
ANHUI HELI,ANH,
ANHUI MAXBULL,AMM,
ANMANN,AMN,
ANSHAN,ANS,
ANTEY,JLI,
ANTONIO CARRARO,CAO,
AOL,AOL,
AOLITE,AOL,
APACHE CONSTRUCTION,APA,
APOLLO,APL,
ARGO,ARG,
ASIA KING,ASK,
ASTARSA,CAT,
ASTRA,ASA,
ASV,ASV,
ATLANT,OCN,
ATLAS,ATL,
ATLAS COPCO,ATC,
ATLAS COPCO - DYNAPAC,DYN,
ATLAS WEYHAUSEN,ATW,
ATLAS-WEYHAUSEN,ATL,
ATLAS_CHINA,ATL,
ATTACK,ATA,
AUSA,AUS,
AUTOCAR,OTN,
AVA,AVA,
AVANT,AVA,
B#HLER,BUH,
BADGER,BAD,
BADGER EQUIPMENT,BAD,
BAUER,BAU,
BAWOO,BAW,
BCS,BCS,
BCS AGRICOLA (ITALY),BCS,
BDR,BDR,
BEAVER,OTN,
BEIJING HYUNDAI,HYU,
BEIJING SHOUGANG,SHU,
BEIJING ZHONGHUAN KINETICS,BZK,
BEIJUN,OCN,
BEL,BEL,
BELARUS,BET,
BELARUS TRACTOR,BET,
BELAZ,BLZ,
BELL,BEL,
BELL EQUIPMENT,BEL,
BELL TRUCKS,BEL,
BEML,BEM,
BENXI,BEX,
BERGMANN,OTN,
BERTONE,BUH,
BG PAVERS,BGP,
BILL,BEL,
BITELLI,BIT,
BLACK BULL,BLB,
BLAW-KNOX - VOLVO (HIGHWAY),BLW,
BLAW-KNOX VOLVO (HIGHWAY),BLW,
BOB,BOB,
BOBCAT,BOB,
BOBCAT?,BOB,
BOM,BOM,
BOMAG,BOM,
BOMAG (FRMLY TEREXRB),BOM,
BOMAG PAVING,BOM,
BONNY,SBN,
BORUS,OCN,
BOULDER,BLR,
BRAMAQ,OTH,
BRAND UNKNOWN,OCN,
BRANSON,BRS,
BRENNER,BRE,
BRUMBY,BMB,
BRUTATEC,BRU,
BRUTO,BRT,
BRYANSKI ARSENAL,BRZ,
BRYANSKII ARSENAL,BRZ,
BRYANSKIY ARSENAL,BRZ,
BRZ,BRZ,
BUHLER,BUH,
BUHLER VERSATILE,BUH,
BUILDER,OCN,
BULL,BUL,
BULL HELI,BUL,
BULL MACHINES,BUL,
C A R L S O N,CRL,
CAISE,CAI,
CAM,CAM,
CAMS,CAM,
CAMS MACCHINE,CAM,
CANMAX,CAN,
CARLSON,CRL,
CARRARO,CAO,
CARTER,CAR,
CAS,CAS,
CASE,CAS,
CASE (CNH),CAS,
CASE STEYR,CST,
CASE-STEYR,CST,
CASE?,CAS,
CAST LOADERS,OCN,
CASTLOADERS,OTN,
CAT,CAT,
CATER,CTR,
CATERPILLAR,CAT,
CATERPILLAR INC.,CAT,
CATERPILLAR INC. - CAT,CAT,
CATERPILLAR?,CAT,
CATTA,CAT,
CAWAV,CAW,
CCG,CCG,
CCMG,CCG,
CHA,CHA,
CHAMPION,CHM,
CHANGFA (CHINA),CFA,
CHANGLIN,CHA,
CHANGLIN (JIANGSU),CHJ,
CHANGLING,CHA,
CHANGZHOU HYUNDAI,HYU,
CHAOGONG,CHO,
CHDSM/CHELYABINSK ROAD BUILDING MACHINES,CRZ,
CHE,CHE,
CHENG GONG,CHE,
CHENGDU XINZHU,XIZ,
CHENGGANG SHANKE,CMS,
CHENGGONG,CHE,
CHENGONG,CHE,
CHENGYU,OCN,
CHERY,CHR,
CHINA COAL,CCL,
CHINESE,OCN,
CHINESE BRANDS,OCN,
CHP,CHP,
CHR,CHR,
CHRBM,CRZ,
CHRIS TEST,CRT,
CHTZ,CHZ,
CHZ,CHZ,
CIBER,CIB,
CIBER (VOGELE),CIB,
CIBER (WIRTGEN),CIB,
CIPSA,CIP,
CLAAS,CLA,
CLARK,CMH,
CLARK MH,CMH,
CLINTON,CLI,
CMT,OCN,
CNH,CNH,
CNH INDUSTRIAL,CNH,
COLMAR,CLR,
COW,COW,
COWDIN,COW,
CRIBSA,CRI,
CROWN,CRW,
CRZ,CRZ,
CTK,CTK,
CUK,CUK,
CUKUROVA,CUK,
CUKURUVA,CUK,
CUMITAS,CUM,
CVS FERRARI,FRR,
DACHENG,DAC,
DAHUA,DAH,
DEDONG,SHL,
DEER,JOH,
DEERE,JOH,
DEGONG,SHL,
DEKAI,DEK,
DELCO,OCN,
DEMAG,DEM,
DEUTZ,DEF,
DEUTZ FAHR,DEF,
DEUTZ-FAHR,DEF,
DEVELON,DOO,
DEXTER,DTR,
DEZHOU,HET,
DEZHOU BOADING,SDB,
DEZHOU HENGTE,HET,
DEZZI,DEZ,
DIE,DIE,
DIECI,DIE,
DIGGER,OTN,
DINGSHENG,TIA,
DINGSHENG TIANGONG,TIA,
DISD,DOO,
DISD-DOOSAN,DOO,
DML,DML,
DOBEST,DOB,
DONETSKII EXCAVATOR,DEX,
DONGFENG,DOF,
DONGIN,DNI,
DONGYANG,DGY,
DOO,DOO,
DOOSAN,DOO,
DOOSAN DAEWOO,DOO,
DOOSAN INFRA.,DOO,
DOOSAN MOXY,MOX,
DOOSAN?,DOO,
DORELEKTROMASH,DRM,
DORMASHINA,DOR,
DRE,DRE,
DRESSTA,DRE,
DST-URAL,DST,
DSTG,TIA,
DYN,DYN,
DYNAPAC,DYN,
DYNAPAC?,DYN,
ECM,OTN,
EGO,OCN,
EIMCO ELECON,EIM,
EKM,EKM,
EKSMASH,EKM,
ELAZ,ELZ,
ELAZ (ELAZSTROY),ELZ,
ELZ,ELZ,
ENS,ENS,
ENSIGN,ENS,
ENSING,ENS,
EOUGEM,EUO,
EPIROC,EPI,
ESCORT LIMITED,ECE,
ESCORTS,ECE,
ETN,ETN,
EUA,EUA,
EUO,EUO,
EUROCOMACH,EUR,
EUROMACH,EUR,
EUROPARD,OCN,
EVERICH,EVI,
EVERUN,EVR,
FAH,FAH,
FALCON,FAL,
FARESIN,FAH,
FASHIDA,FAS,
FAYSTON MACHINERY,SFM,
FEELER,BUI,
FEMA,FEM,
FENDT,FED,
FERMEC,FER,
FERRARI,FRR,
FIAT-KOBELCO,FIA,
FINE,FEI,
FINE EQUIPMENTS,FEI,
FIRST,INF,
FIRST LOADER,INF,
FIRST TRACTOR,FST,
FOL,FOL,
FORCE MOTORS,FMO,
FORLOAD,WFM,
FORLOAD MACHINERY,WFM,
FORT,OCN,
FORWARD,OCN,
FORWAY,FWY,
FORZA,FBR,
FOTON,FOL,
FOTON (CHINA),FOL,
FOTON LOVOL,FOL,
FUCHS,FUH,
FUDA,FUD,
FUGONG,OCN,
FUH,FUH,
FUHONG,OCN,
FUJIAN,FUJ,
FUKAI,FUK,
FURD,OCN,
FURUIDE,OCN,
FURUKAWA,OTN,
FUTIAN,FUT,
FWY,FWY,
GAMZEN,GMZ,
GEH,GEH,
GEHL,GEH,
GEHL (INCL MUSTANG),GEH,
GEHL - MUSTANG,GEH,
GEHL MUSTANG,MUS,
GEN,GEN,
GENIE,GEN,
GETM,GEM,
GIANT,GIN,
GIOVANNINI,GIO,
GL,GLX,
GOLDONI,GOL,
GOMACO,GOM,
GOODWORK,OCN,
GRADALL,GRA,
GRADALL (ALAMO),GRA,
GRADALL ALAMO,GRA,
GRANIT,OCN,
GREATSWORD,GSW,
GREAVES,GRE,
GREAVES-BOMAG,BOM,
GRIZZLY,OCN,
GUANGMING,GUA,
GUANGXI KAIYUAN,KYM,
GUIZHOU JONYANG KINETICS,GJK,
GUOHUA,GUH,
GUOJILUOYANG/YTO,YTO,
HAH,HAH,
HAIGONG,HNG,
HAIHONG,HAH,
HAM,HAM,
HAMM,HAM,
HANENBERG MATERIEEL,SPA,
HANIX,HAN,
HANOMAG,HAG,
HANTA,HAT,
HAO,HAO,
HAOHONG,HHM,
HAOHONG MACHINERY,HHM,
HARBIN SIHAI,HAR,
HARLO,HAL,
HAU,HAU,
HAULOTTE,HAU,
HBM NOBAS,HBM,
HBM-NOBAS,HBM,
HBX,HBX,
HBXG,HBX,
HBXG/SHENWA,SHW,
HDS,HDS,
HEDESA,HDS,
HEFENG,HEF,
HELI,ANH,
HEMAN,HMN,
HENGCHUN,HEU,
HENGTE,HET,
HENGTIAN,HTI,
HENGWANG,OCN,
HERACLES,HER,
HERCULES,HER,
HERMANN PAUS,OTN,
HERO TIME,HRT,
HERUN,OTN,
HEZHONG,QHM,
HGY,HGY,
HID,HID,
HIDROMEK,HID,
HIGHTOP,SHM,
HIGHTOP MACHINERY,SHM,
HIKING,HKG,
HIT,HIT,
HITACHI,HIT,
HITACHI CM,HIT,
HITACHI CONSTRUCTION MACHINERY,HIT,
HITACHI?,HIT,
HITHCHI,HIT,
HMT,HMT,
HOLDER,HOD,
HONGLIN,OCN,
HOPPT,HOP,
HORNQUIP MACHINERY,OCN,
HORYONG,HOR,
HSW,HSW,
HTO,HTO,
HTZG,HET,
HUAHONG,OCN,
HUASHEN ZHONGTIAN,HSZ,
HUATAI,HTA,
HUATONG,HUT,
HUAWEI,HUW,
HUAYA,XHM,
HUAYA MACHINE,XHM,
HUDDIG,HUD,
HUIZHONG,HUZ,
HUNTER,OTN,
HURLIMANN,HUR,
HUZ,HUZ,
HYAYA,XHM,
HYDREMA,HYD,
HYDROMA,HOM,
HYDROMAC,HYM,
HYDROMEK,HID,
HYNDAI,HYU,
HYPAC,HYP,
HYSOON,HYS,
HYSTER,HYR,
HYTEC,HYT,
HYU,HYU,
HYUNDAI,HYU,
HYUNDAI HEAVY INDUSTRIES,HYU,
HYUNDAI JIANGSU,HYU,
HYUNDAI SHANDONG,HYU,
HYUNDAI-DOOSAN,DOO,
HYUNDAI-INDIA,HYU,
HYUNDAI?,HYU,
HZM,HUZ,
ICLES,OCN,
IDN,IDN,
IHI,IHI,
IHI CONSTRUCTION MACHINERY,IHI,
IHIMER,IHM,
IHISCE,IHI,
IHM,IHM,
IMER,IME,
INFRONT,OCN,
INNER MONGOLIA,INN,
INTER-DON,IDN,
INTERNATIONAL TRACTORS,ITT,
IR BLAW-KNOX,BLW,
IRM,IRM,
IRMASH,IRM,
IRON XCMG,XCM,
ISEKI,ISE,
JAN,JAN,
JAY KHODIYAR,JKH,
JCB,JCB,
JCB VIBROMAX,JCB,
JCB-KESLA,JCB,
JCB-ROBOTEC,JCB,
JCB-ROTOBEC,JCB,
JCB?,JCB,
JCM,JCM,
JD,JOH,
JGM,JGM,
JHU,JHU,
JIAHE,JIH,
JIALONG,JIA,
JIANGLU,JGL,
JIANGONG,JGG,
JIANGSU,JGS,
JIANGSU CHANGLIN,CHJ,
JIANGSU HUATONG KINETICS,HUT,
JIANGSU SHANGQI,OCN,
JIANGSU YUEDA INTELLIGENT AGRICULTURAL E,YUE,
JIANGXI NANTE,NAN,
JIELI,JLI,
JIG,JIG,
JINAN,JNN,
JINAN QINGING,JNQ,
JINCHENG,JIC,
JINGGONG,JIG,
JINGONG,JIN,
JINHUI,JHU,
JINING SAAO,OCN,
JINING VOTE,OCN,
JINKUNG,JIS,
JINMA,YUE,
JINWANG,GXJ,
JLG,JLG,
JLG (ALL BRANDS),JLG,
JLG - CAT,JLG,
JLG CAT,JLG,
JLI,JLI,
JLT-POWER,JLT,
JOH,JOH,
JOHN DEERE,JOH,
JOHN DEERE-CHINOS,JOH,
JONYANG,JYG,
JONYANG KINETICS,GJK,
JOT,JOT,
JOTEC,JOT,
JOVE,JOV,
JOY,JOY,
JOY GLOBAL,JOY,
JUBA,OTN,
JUFENG MACHINERY,JFM,
JUHEMINGDA,OCN,
JULANG,OCN,
JULING,YCH,
JUMBO,JUM,
JUNGHEINRICH,JUH,
JUNGONG,JNG,
JUNMA,JMA,
JYG,JYG,
KAIDA,KAD,
KAIDONG,OCN,
KAILEI,KAI,
KAISER,KAS,
KAIWEI,KWE,
KAIXING,KAX,
KANTO,KAN,
KAT,KAT,
KATO,KAT,
KATO IMER,KAT,
KATO WORKS,KAT,
KAW,KAW,
KAWASAKI,KAW,
KAWAZAKI,KAW,
KCMG,XCM,
KETAI,KOT,
KEZ,KEZ,
KGZ,KGZ,
KIOTI,KIO,
KIP,KIP,
KMX,KMX,
KNIKMOPS,KNK,
KNIKMPOS,KNK,
KOB,KOB,
KOBELCO,KOB,
KOBELCO CONSTRUCTION MACHINERY,KOB,
KOBELKO,KOB,
KOLBERG,KPI,
KOM,KOM,
KOMATSU,KOM,
KOMATSU AMERICA,KOM,
KOMATSU CHINA,KOM,
KOMATSU?,KOM,
KOTAI,KOT,
KOVROV ELECTROMECHANICAL PLANT,KVZ,
KOVROV EXCAVATOR PLANT,KVZ,
KRA,KRA,
KRAMER,KRA,
KRAMERALLRAD,KRA,
KRANEKS,KRN,
KRFMER,KRA,
KRN,KRN,
KUB,KUB,
KUBELCO,KOB,
KUBOTA,KUB,
KUD,KUD,
KUDAT,OTN,
KURGANMASHZAVOD,KGZ,
KWE,KWE,
KYLOTON,OCN,
L&T,LTB,
L&T- KOMATSU,KOM,
L&T-CASE,CAS,
LAI-MU,LAI,
LAIGONG,LAG,
LAIZHOU,LZM,
LAMBORGHINI,LBG,
LAN TIAN,LTI,
LANDINI,LAD,
LANDINI (ITALY),LAD,
LANDINI USA,LAD,
LANNEN,LAN,
LAR,LHI,
LAR HI,LHI,
LAX,LAX,
LBX,LIK,
LEB,LEB,
LEBRERO,LEB,
LEE,LEE,
LEEBOY,LEE,
LEIST GROSS,OCN,
LEITE,OCN,
LET,LET,
LETOURNEAU,LET,
LEYLAND DEERE,ASL,
LG,LGX,
LGMC,OCN,
LGZT,OCN,
LIA,LIA,
LIANGONG,LIA,
LIANGONG OR MICHIGAN,MGN,
LIE,LIE,
LIEBHER,LIE,
LIEBHERR,LIE,
LIK,LIK,
LIN,LIN,
LINDE,LID,
LINDNER,LIR,
LINGONG,LIN,
LINK BELT,LIK,
LINK-BELT,LIK,
LINK-BELT - LBX,LIK,
LINK-BELT LBX,LIK,
LINK-BELT | LBX,LIK,
LINKBELT,LIK,
LINYI CENTER CONSTRUCTION MACHINERY,LCR,
LION,OCN,
LIS,LIS,
LISHIDE,LIS,
LITENG,LIT,
LIU,LIU,
LIU GONG,LIU,
LIUGONG,LIU,
LIUGONG DRESSTA,DRE,
LIXING,LIX,
LJUNGBY MASKIN,LJU,
LOCUST,LOC,
LON,LON,
LONGGONG,LOG,
LONGJI,LGJ,
LONKING,LON,
LONKING (CHINA),LON,
LOONG SHEEN,LOS,
LOTHAR,LOT,
LOUYANG,LOU,
LOVOL,FOL,
LQG,LQG,
LS,LST,
LS MTRON,LST,
LS MTRON (BR),LST,
LS TRACTOR,LST,
LS TRACTORS,LST,
LS Tractor,LST,
LTMA,XXM,
LTMG,OCN,
LTX,LTX,
LUGONG,LGG,
LUIGONG,LIU,
LUNDBERG HYMAS,LUN,
LUNENG,SHD,
LUNJGBY MASKIN,LJU,
LUOYANG,LYG,
LUOYANG LUTONG,LUT,
LUOYANG MINGYANG,LYG,
LUOYANG MINGYANG ENGINEERING,LYG,
LUQ,LUQ,
LUQING,LUQ,
LUQISEN,LUS,
LUTONG,LUT,
LUXING,LUX,
LUYANG,LYG,
LUYU,LUU,
LUYUE,LUY,
LUZHONG,LUZ,
LYG,LYG,
LYME,OCN,
M&M,MAH,
MAF,MAF,
MAG,OTN,
MAGNI,MAG,
MAGNIFICA,MAG,
MAHINDRA,MAH,
MAHINDRA & MAHINDRA,MAH,
MAHINDRA & MAHINDRA & MAHINDRA & MAHINDRA,MAH,
MAHINDRA & MAHINDRA GROUP,MAH,
MAHINDRA YUEDA,MAH,
MANGTE,MGT,
MANITEX,MTX,
MANITOU,MTU,
MARTINI,MRT,
MASSEY FERGUSON,MAF,
MASSEY FERGUSSON,MAF,
MASTAS,MAT,
MASTER CRAFT,MCR,
MASTERCRAFT,MCR,
MASTERPAC,MPC,
MAU,MAU,
MAULDIN,MAU,
MAXBULL,AMM,
MAXIMAL,OTN,
MAXION,MXI,
MAXLOADER,MLO,
MCCORMICK,MCC,
MECALAC,MEC,
MEGAMAX,OCN,
MEIWA,MEW,
MENGLING,MEG,
MENZI,MZM,
MENZI MUCK,MZM,
MER,MER,
MERCEDES-BENZ,MBZ,
MERKO,OCN,
MERLO,MER,
MESSERSI,MES,
MICHIGAN,MGN,
MIHAILS TEST,,X
MIL,MIL,
MING YU ZHONG GONG,MYZ,
MINGYU,MIG,
MINSK,MTZ,
MISTA,MIS,
MIT,MIT,
MITSUBER,MSB,
MITSUBISHI,MIT,
MLO,MLO,
MOAZ,MOZ,
MODERN HAILIN,HAI,
MOONSUN,OCN,
MORA,MOR,
MOUNTAIN,MOU,
MOUNTAIN RAISE,MTM,
MOXY,MOX,
MST,MST,
MTC,MTC,
MTM,OCN,
MTU,MTU,
MULLER,MUE,
MULTI,MUT,
MULTIONE,MUO,
MUS,MUS,
MUSTANG,MUS,
MYZG,MYZ,
MZM,MZM,
NACOO,NAC,
NAGANO,NAG,
NAN,NAN,
NANTE,NAN,
NEW,NEW,
NEW HOLLAND,NEW,
NEW HOLLAND (CNH),NEW,
NEW HOLLAND TRACTORS,NEW,
NEW SKY CONSTRUCTION,LNS,
NHL,NHL,
NICOSAIL,OCN,
NINGBO,NNG,
NMC - WOLLARD,NMC,
NMC-WOLLARD,NMC,
NO DATA,OCN,
NORAM,NOR,
NOUMAN,OCN,
NOVOTNY,NOV,
OCN,OCN,
ODR,ODR,
OOK,XOO,
OPG,OPG,
OPK-DORMASH,ODR,
OTH,OTH,
OTHCN,OCN,
OTHERS,OTN,
OTHERS - NON REPORTER,,
OTN,OTN,
OUJIN,EUO,
OUTAILONG,OUL,
PALAZZANI,PAL,
PASQUALI,PAQ,
PAUNY,PUY,
PAUS,PAU,
PAVING MACHINES,KAT,
PAYLOADER,PYL,
PEN,PEN,
PENGPU,PEN,
PERLINI,PER,
PETERSBURG TRACTOR PLANT,PTZ,
PETTIBONE,PET,
PETTIBONE TRAVERSE LIFT LLC,PET,
"PETTIBONE TRAVERSE LIFT, LLC",PET,
PHN,PHN,
PI MAKINA,PIM,
PICHON,PIN,
PN,OTN,
POGRUZCHIK,OPG,
POLAR BADGER,OCN,
POLAR WOLVERINE,POW,
POW,POW,
POWERPAC,PPC,
POWERPLUS,PLU,
PREET,,
PROMTRAKTOR,PRT,
PROTON,PTN,
PRT,PRT,
PTZ,PTZ,
QDHZ,QHM,
QGG,QGG,
QIANG GONG,OCN,
QIANGMIN,QGM,
QIMI,QIM,
QINGDAO,QGD,
QINGDAO HEZHONG,QHM,
QINGJIANG,QGJ,
QINGONG,QGG,
QINGZHOU OUTAILONG HEAVY INDUSTRIES,AOL,
QINNIU,OCN,
QINNIU KINBULL,CQK,
QIRUI,QRU,
QTRAK,QTR,
QUADEX,OTN,
QUADRAC,OCN,
QUADTRAC,OCN,
RAC,RAC,
RACOON,RAC,
RAMER,OCN,
RAN,RAN,
RANDON,RAN,
RASKAT,RAS,
RAYCO MFG,RAY,
RAYMOND,RAD,
REDSTAR,OCN,
RELLY,,
RHI,RHI,
RHINO,RHI,
RHINOCEROS,SRH,
RIMPULL,RIM,
RIPPA,CRM,
RIPPA CHINA,CRM,
RM-TEREX,TRX,
ROA,ROA,
ROAD MASTER,RMS,
ROADTEC,ROA,
ROADWAY,ROW,
ROKBAK,ROK,
ROMANELLI,ROM,
RONGWEI,RGW,
ROW,ROW,
RRMEL,RML,
RUNMAX,OCN,
SAAO,OCN,
SAHM,SAH,
SAITAMA,SAT,
SAK,SAK,
SAKAI,SAK,
SAKAI HEAVY INDUSTRIES,SAK,
SALSCO,SAL,
SAME,SAE,
SAME DEUTZ FAHR,SDF,
SAMPIERANA,EUR,
SAMYOUNG,SMR,
SANDVIK,SAN,
SANKO MAKINA,MAT,
SANLIN,SLL,
SANVOL,HAX,
SANY,SNY,
SAREKS,SKS,
SBM,SBM,
SCHAEFF,SCH,
SCHAEFFER,SHA,
SCHAFFER,SCF,
SCMC,SCM,
SCOOPTRAM,ATC,
SDC,SDC,
SDDAOU,SDA,
SDEC,SDC,
SDJ,SDJ,
SDLG,LIN,
SDLQM,SDQ,
SDLS,SDS,
SDMJ,SDJ,
SDS,SDS,
SDWM,SDW,
SDYC,OCN,
SDYG,YGG,
SELLICK,SEL,
SEM,SEM,
SEM (CHINA),SEM,
SEN,SEN,
SENNEBOGEN,SEN,
SHAANXI CONSTRUCTION MACHINERY,SCM,
SHAN DING,OCN,
SHAN JIA,OCN,
SHAN-DONG,OCN,
SHANDING,OCN,
SHANDONG,SHX,
SHANDONG BAISWAY,SBW,
SHANDONG CARTER,CAR,
SHANDONG CHANGLIN,CHA,
SHANDONG DAOU,SDA,
SHANDONG DEGONG,SHL,
SHANDONG HENGWANG,OCN,
SHANDONG HIGHWAY,HIG,
SHANDONG HUAYAO (LGCE),OCN,
SHANDONG INFRONT,OCN,
"SHANDONG INFRONT MACHINERY CO., LTD.",INO,
"SHANDONG INFRONT MACHINERY CO., LTD. OR TAURUS",INO,
SHANDONG LANDWORLD,SLC,
SHANDONG LEHMAN,SLE,
SHANDONG LISHIDE,LIS,
SHANDONG LUNENG,SHD,
SHANDONG RHINOCEROS,SRH,
SHANDONG ROAD CONSTRUCTION MACHINERY,HIG,
SHANDONG ROAD MACHINERY,HIG,
SHANDONG STORIKE,SSE,
SHANDONG TRACTOR,STR,
SHANDONG YINENG,YIN,
SHANDONG YONGYI,YON,
"SHANDONG ZHONGTE MACHINERY CO., LTD.",LGZ,
SHANGDONG,SGG,
SHANGHAI TRACTOR,STR,
SHANJIA,OCN,
SHANKE,CMS,
SHANLIN,SNL,
SHANMON,SMO,
SHANTUI,SBM,
SHANTUI BUILDING MACHINERY,SBM,
SHANYU,SYU,
SHANZHONG MACHINERY,YSM,
SHANZHUANG,SZM,
SHENGONG,SHE,
SHENLI,SLI,
SHERPA,SPA,
SHIBAURA,SAU,
SHIFENG,SIF,
SHTORM,OTN,
SHUANGXIN,OCN,
SHUGONG,SHG,
SIBGRAND,SIB,
SICHUAN BONNY,SBN,
SILKWAY,SIL,
SIM,SIM,
SIMEX,SIX,
SIN MARCA,OTN,
SINOBANG,SNB,
SINOMACH,SIM,
SINOMACH HI (LUOYANG),SIM,
SINOTRUCK,STU,
SINOTRUK,OCN,
SINOWAY,SAY,
SKJ,SKJ,
SKS,SKS,
SKYJACK,SKJ,
SKYJACK (FORMERLY IR),SKJ,
SKYTRAK,SKY,
SLL,SLL,
SMK,SMK,
SNK,MAT,
SNSC,SNS,
SNY,SNY,
SOLID,SOL,
SOLMEC,SOC,
SOM,SOM,
SOU,SOU,
STARA,SAR,
STARA (BR),SAR,
STEYR-DAIMLER-PUCH,SDP,
STI,OCN,
STORIKE,SSE,
STRONG,JCM,
STRONG BULL,STB,
STRONG CONSTRUCTION,SGC,
STRONGBULL,STB,
SUMITO,SUM,
SUMITOMO,SUM,
SUMITOMO CORP,SUM,
SUN,SUN,
SUNBEAR,SUB,
SUNSHINE,SUE,
SUNWARD,SUN,
SUPER MONKEY,SMK,
SWAMPKING,GRF,
SWINGER,SWI,
SWLTD,SWL,
SZM,SZM,
SZM/SHANZHUANG,SZM,
TACKEUCHI,TAK,
TAFE,TAF,
TAI,TAI,
TAIAN,TAI,
TAIAN HYSOON,HYS,
TAIAN LUNENG,LUG,
TAIAN LUYUE,TLU,
TAIAN MODERN HEAVY INDUSTRY TECHNOLOGY,TAM,
TAIAN TENGYU,TTG,
TAIDA,TDA,
TAK,TAK,
TAKEUCHI,TAK,
TANA,TAN,
TARSUS,CUK,
TATA HITACHI,TEL,
TATA HITACHI (EX. TELCON),TEL,
TATA HITACHI (TELCON),TEL,
TATA-HITACHI,TEL,
TAURUS,TAU,
TAYLOR,TAY,
TCM,TCM,
TELEISI,OCN,
TEREX,TRX,
TEREX - FUCHS,FUH,
TEREX ASV,ASV,
TEREX FUCHS,FUH,
TEREX GENIE,GEN,
TEREX SCHAEFF,SCH,
TEREX TRUCKS,TRT,
TEREX VECTRA,TRX,
TEREX-FUCHS,FUH,
TEREX-RM,TRX,
TERRAMITE,TER,
THALER,THA,
TIA,TIA,
TIANGONG,TIA,
TIANJIN CONSTRUCTION MACHINERY,TJC,
TIANJIN TRACTOR,TTR,
TIANSHUN GREAT WALL,TSU,
TIANYU,TNY,
TIGERCAT,TIG,
TITAN,TIT,
TMV,OTN,
TOBROCCO,TOB,
TOBROCO,TOB,
TOBROCO GIANT,TOB,
TOBROCO MACHINES,TOB,
TOBROCO MACHINES OR GIANT,TOB,
TONG YANG,TOG,
TONG YANG MOOLSAN CO.,TOG,
TONGWU,STM,
TONGZHOU,TOZ,
TONLY,OCN,
TOPONE,TOP,
TORTONE,TTN,
TOTAL MARKET ADJUSTMENT,ADJ,
TOYOTA,TOY,
TRAMONTINI,TMT,
TRAMONTINI (BR),TMT,
TRX,TRX,
TSUN,TSU,
TSUN GREATWALL,TSU,
TSUNG,TSU,
TUISHAN,TUH,
TVEX,TVZ,
TVEX (TVER EXCAVATOR PLANT),TVZ,
TVZ,TVZ,
TWISAN,TWI,
TYM,OTN,
ULTRA,ULR,
ULTRA TORK,ULT,
UNICARRIERS,UNP,
UNIDACHS,UDC,
UNIPAVE,UNP,
UNIT RIG,URI,
UNITER,UEP,
UNITER ENGINEERING PRODUCTS,UEP,
UNKNOWN,OTH,
V?GELE,VOG,
VALPADANA,VLP,
VALTRA,VAL,
VCE,VCE,
VECTRA,VEC,
VEEKMANS,VEE,
VEEKMAS,VEE,
VEKTOR,OCN,
VENIERI,VEN,
VERMEER,VER,
VIBROMAX,VIM,
VIBROPLUS,VIB,
VIC,VIC,
VIKING,VIK,
VILAKONE,VIL,
VISHWAKARMA,VIW,
VJF,VJF,
VOG,VOG,
VOGELE,VOG,
VOGELE AMERICA,VOG,
VOLGOGRADSKII TZ,VTZ,
VOLKAN,VOK,
VOLVO,VCE,
VOLVO (IR),IRV,
VOLVO - ABG,ABG,
VOLVO CE,VCE,
VOLVO CE - ABG,VCE,
VOLVO?,VCE,
VOLWA,VOW,
VOSTOSUN,VSU,
VOSTOSUN INDUSTRIAL,VSU,
VOTE,OCN,
VSS,VSS,
VST,VST,
VSU,VSU,
VT LEEBOY,LEE,
V�GELE,VOG,
WACKER,WAK,
WACKER NEUSON,WAN,
WAGNER,WAG,
WAK,WAK,
WALDEN,WAD,
WALDON,WAL,
WALDON EQUIPMENT,WAL,
WANBANG,WAB,
WANG,WNG,
WAY,WAI,
WAY INDUSTRY,WAI,
WBEST,WBE,
WCH,WCH,
WEB,WEB,
WEBER,WEB,
WEC,WEC,
WECAN,WEC,
WEIDEMAN,WEI,
WEIDEMANN,WEI,
WEIDMAN,WEI,
WEIDMANN,WEI,
WEILER,WEL,
WEILER (CAT),WEL,
WEILER (GEHL),WEL,
WEILI,WWW,
WEILLER,WEL,
WEILONG,WLG,
WEIMAN,OCN,
WEIMENG,WMG,
WERKLUST,WER,
WEYCOR,OTN,
WILLE,WIL,
WIR,WIR,
WIRTGEN,WIR,
WIRTGEN GROUP,WIR,
WIRTGEN GROUP - VOGELE,VOG,
WNG,WNG,
WODE,WOD,
WOG,WOG,
WOLF,QZE,
WORKER,OCN,
WORLD,WOG,
WORLD GROUP,WOG,
WORLD HEAVY,WOG,
WUHAN,WCH,
WUHLF,OCN,
WUXI KIPOR,KIP,
WWW,WWW,
X KINEER,XIK,
XCG JOHN DEERE,XUW,
XCJ,XUW,
XCM,XCM,
XCMG,XCM,
XCMG-CSL,XCM,
XDX,XDX,
XEM,XEM,
XGMA,XEM,
XGMA XIAGONG,XEM,
XI'AN ROAD MACHINERY,XRC,
XIA,XIA,
XIAGONG,XEM,
XIAGONG XGMA MACHINERY,XEM,
XIAJIN,XIJ,
XIAMEN,XWL,
XIAMEN LTMG,XWL,
XIAMEN TOPWAY,XTM,
XIAMEN WHEEL LOADER,XIA,
XIAMEN WHEELED LOADERS,XWL,
XIANGTAN,XIG,
XIASHENG,XSH,
XIAXIN,XIX,
XIAZHUANG,XOO,
XIAZHUANG OOK,XOO,
XINAN KINEER,XIK,
XINBANG,XIB,
XINCHANG,XCH,
XINCHUN,XIC,
XINIU,XNU,
XINXING YISHAN,YSH,
XINYUAN,XIY,
XINZHU,XIZ,
XIX,XIX,
XIZHU,XRM,
XMF,XTR,
XMJS,OCN,
XNU,XNU,
XRMC,XRC,
XSH,XSH,
XT3,XTZ,
XTREME,XCM,
XTREME MANUFACTURING,XTR,
XUAN HUA CONSTRUCTIO,XUA,
XUANHUA,XUA,
XUGONG,XXS,
XUZHOU JINZHENG EXPRESSWAY CONSTRUCTION MACHINERY CO.LTD,XJE,
XWMG,XWM,
XXM,XXM,
XXS,XXS,
YALE,YAL,
YAN,YAN,
YANCHENG,YCH,
YANGONG,YAG,
YANMAR,YAN,
YANTAI,OCN,
YEEJOA,OCN,
YEMA,YEM,
YGONG,YGG,
YIDA,YID,
YIGONG,YGG,
YINENG,YIN,
YISHAN,YSH,
YITUO,YTO,
YONGYI,YON,
YSH,YSH,
YSN,YSN,
YTO,YTO,
YTO (CHINA),GUO,
YTO GROUP,LYG,
YUAN SHAM,YUS,
YUAN SHAN,YSN,
YUC,YUC,
YUCHAI,YUC,
YUEDA,YUE,
YUERUIXIANG,OCN,
YUGONG,YUG,
YUREUIXIANG,OCN,
YUS,YUS,
YUT,YUT,
YUTONG,YUT,
ZDM,ZDM,
ZDM (RUSSIAN CO),ZDM,
ZEPPELIN,ZEP,
ZETOR,ZET,
ZEUS,ZEU,
ZHEJIANG,ZHE,
ZHONGXING,OCN,
ZHONGYUE,ZGU,
ZHUGONG,ZHU,
ZILANT,ZIL,
ZONGJIN WOLF,QZE,
ZOO,ZOO,
ZOOMLION,ZOO,
ZOONLION,ZOO,
ZOT,OCN,
,,
,,
,,
,,
,,
